Company,Role,Skills
TCS,Software Engineer,"Python,Java,SQL,Data Structures,Git"
Infosys,Systems Engineer,"Java,Python,SQL,Cloud Computing,Git"
Wipro,Project Engineer,"Java,Python,SQL,Web Development,Git"
HCLTech,Software Engineer,"Java,Python,SQL,Cloud Computing,Git"
Cognizant,Programmer Analyst,"Java,Python,SQL,REST API,Git"
Accenture,Associate Software Engineer,"Java,Python,SQL,Cloud Computing,Git"
Capgemini,Software Engineer,"Java,Python,SQL,Testing,Git"
Tech Mahindra,Software Engineer,"Java,Python,SQL,Web Development,REST API"
IBM,Software Developer,"Python,Java,SQL,Cloud Computing,AI"
Amazon,Software Development Intern,"Python,Java,Data Structures,AWS,SQL"
Microsoft,Software Engineer Intern,"C++,C#,Python,Data Structures,Azure"
Google,Software Engineer Intern,"Python,C++,Java,Data Structures,Algorithms"
Oracle,Cloud/Software Developer,"Java,SQL,Cloud Computing,Database Management"
Deloitte,Technology Analyst,"Python,SQL,Data Analytics,Cloud Computing"
Zoho,Software Developer,"Java,Python,SQL,JavaScript,Web Development"
LTIMindtree,Graduate Engineer Trainee,"Java,Python,SQL,Cloud Computing,Git"
Mphasis,Software Engineer,"Java,Python,SQL,REST API,Cloud Computing"
Persistent Systems,Software Engineer,"Java,Python,SQL,Cloud Computing,Git"
Coforge,Software Engineer,"Java,Python,SQL,Testing,REST API"
Genpact,Data Analyst,"Python,SQL,Excel,Data Analysis,Power BI"
DXC Technology,Software Engineer,"Java,Python,SQL,Cloud Computing,Linux"
SAP,Software Developer,"Java,Python,SQL,Cloud Computing,Database Management"
Cisco,Network Software Engineer,"C,C++,Python,Computer Networks,Linux"
Adobe,Software Engineer,"C++,Java,Python,Data Structures,Algorithms"
Flipkart,Software Development Engineer,"Java,Python,Data Structures,Algorithms,SQL"
